label,path
0,a1.jpg
0,a2.jpg
0,a3.jpg
0,a4.jpg
0,a5.jpg
0,a6.jpg
0,a7.jpg
1,b1.jpg
1,b2.jpg
1,b3.jpg
1,b4.jpg
1,b5.jpg
1,b6.jpg
1,b7.jpg
2,c1.jpg
2,c2.jpg
2,c3.jpg
2,c4.jpg
2,c5.jpg
2,c6.jpg
2,c7.jpg
2,c8.jpg
3,d1.jpg
3,d2.jpg
3,d3.jpg
3,d4.jpg
3,d5.jpg
3,d6.jpg
3,d7.jpg
4,e1.jpg
4,e2.jpg
4,e3.jpg
4,e4.jpg
4,e5.jpg
4,e6.jpg
4,e7.jpg
5,f1.jpg
5,f2.jpg
5,f3.jpg
5,f4.jpg
5,f5.jpg
5,f6.jpg
5,f7.jpg
5,f8.jpg
6,g1.jpg
6,g2.jpg
6,g3.jpg
6,g4.jpg
6,g5.jpg
6,g6.jpg
6,g7.jpg
7,h1.jpg
7,h2.jpg
7,h3.jpg
7,h4.jpg
7,h5.jpg
7,h6.jpg
7,h7.jpg
8,i1.jpg
8,i2.jpg
8,i3.jpg
8,i4.jpg
8,i5.jpg
8,i6.jpg
8,i7.jpg
9,j1.jpg
9,j2.jpg
9,j3.jpg
9,j4.jpg
9,j5.jpg
9,j6.jpg
9,j7.jpg
9,j8.jpg
10,k1.jpg
10,k2.jpg
10,k3.jpg
10,k4.jpg
10,k5.jpg
10,k6.jpg
10,k7.jpg
11,l1.jpg
11,l2.jpg
11,l3.jpg
11,l4.jpg
11,l5.jpg
11,l6.jpg
11,l7.jpg
12,m1.jpg
12,m2.jpg
12,m3.jpg
12,m4.jpg
12,m5.jpg
12,m6.jpg
12,m7.jpg
13,n1.jpg
13,n2.jpg
13,n3.jpg
13,n4.jpg
13,n5.jpg
13,n6.jpg
13,n7.jpg
14,o1.jpg
14,o2.jpg
14,o3.jpg
14,o4.jpg
14,o5.jpg
14,o6.jpg
14,o7.jpg
15,p1.jpg
15,p2.jpg
15,p3.jpg
15,p4.jpg
15,p5.jpg
15,p6.jpg
15,p7.jpg
16,q1.jpg
16,q2.jpg
16,q3.jpg
16,q4.jpg
16,q5.jpg
16,q6.jpg
17,r1.jpg
17,r2.jpg
17,r3.jpg
17,r4.jpg
17,r5.jpg
17,r6.jpg
17,r7.jpg
18,s1.jpg
18,s2.jpg
18,s3.jpg
18,s4.jpg
18,s5.jpg
18,s6.jpg
19,t1.jpg
19,t2.jpg
19,t3.jpg
19,t4.jpg
19,t5.jpg
19,t6.jpg
20,u1.jpg
20,u2.jpg
20,u3.jpg
20,u4.jpg
21,v1.jpg
21,v2.jpg
21,v3.jpg
21,v4.jpg
21,v5.jpg
22,w1.jpg
22,w2.jpg
22,w3.jpg
22,w4.jpg
22,w5.jpg
22,w6.jpg
23,x1.jpg
23,x2.jpg
23,x3.jpg
24,y1.jpg
24,y2.jpg
24,y3.jpg
24,y4.jpg
25,z1.jpg
25,z2.jpg
25,z3.jpg
25,z4.jpg
25,z5.jpg
